rank,norma,items_del_banco,sample_mentions,areas_count,donde_buscar
1,Constitucion,90,6,9,http://www.secretariasenado.gov.co/senado/basedoc/constitucion_politica_1991.html?q=Constitucion
2,Codigo general proceso,65,4,7,http://www.secretariasenado.gov.co/senado/basedoc/?q=Codigo%20general%20proceso
3,Codigo sustantivo trabajo,37,4,1,http://www.secretariasenado.gov.co/senado/basedoc/?q=Codigo%20sustantivo%20trabajo
4,Estatuto tributario,35,0,3,http://www.secretariasenado.gov.co/senado/basedoc/?q=Estatuto%20tributario
5,Decision andina 486,23,0,2,http://www.secretariasenado.gov.co/senado/basedoc/?q=Decision%20andina%20486
6,Estatuto consumidor,13,2,2,http://www.secretariasenado.gov.co/senado/basedoc/?q=Estatuto%20consumidor
7,Ley 80 de 1993,12,0,2,https://www.suin-juriscol.gov.co/legislacion/?q=Ley%2080%20de%201993
8,Ley 2220 de 2022,11,0,2,https://www.suin-juriscol.gov.co/legislacion/?q=Ley%202220%20de%202022
9,Decreto 2153 de 1992,10,1,1,https://www.suin-juriscol.gov.co/legislacion/?q=Decreto%202153%20de%201992
10,Sentencia C-355 de 2006,7,1,2,https://www.corteconstitucional.gov.co/relatoria/?q=Sentencia%20C-355%20de%202006
11,Ley 1116 de 2006,7,1,2,https://www.suin-juriscol.gov.co/legislacion/?q=Ley%201116%20de%202006
12,Ley 1581 de 2012,6,1,3,https://www.suin-juriscol.gov.co/legislacion/?q=Ley%201581%20de%202012
13,Codigo infancia,5,0,1,http://www.secretariasenado.gov.co/senado/basedoc/?q=Codigo%20infancia
14,Sentencia C-207 de 2019,4,0,1,https://www.corteconstitucional.gov.co/relatoria/?q=Sentencia%20C-207%20de%202019
15,Sentencia SL-3385 de 2022,4,0,1,https://www.corteconstitucional.gov.co/relatoria/?q=Sentencia%20SL-3385%20de%202022
16,Sentencia T-323 de 2024,4,0,1,https://www.corteconstitucional.gov.co/relatoria/?q=Sentencia%20T-323%20de%202024
17,Ley 1258 de 2008,4,0,1,https://www.suin-juriscol.gov.co/legislacion/?q=Ley%201258%20de%202008
18,Ley 1010 de 2006,3,1,1,https://www.suin-juriscol.gov.co/legislacion/?q=Ley%201010%20de%202006
19,Ley 1150 de 2007,3,1,1,https://www.suin-juriscol.gov.co/legislacion/?q=Ley%201150%20de%202007
20,Ley 1340 de 2009,3,1,1,https://www.suin-juriscol.gov.co/legislacion/?q=Ley%201340%20de%202009
21,Sentencia C-394 de 2017,3,0,2,https://www.corteconstitucional.gov.co/relatoria/?q=Sentencia%20C-394%20de%202017
22,Sentencia C-55 de 2022,3,0,2,https://www.corteconstitucional.gov.co/relatoria/?q=Sentencia%20C-55%20de%202022
23,Sentencia SU-315 de 2025,3,0,1,https://www.corteconstitucional.gov.co/relatoria/?q=Sentencia%20SU-315%20de%202025
24,Sentencia T-243 de 2018,3,0,1,https://www.corteconstitucional.gov.co/relatoria/?q=Sentencia%20T-243%20de%202018
25,Sentencia T-760 de 2008,3,0,2,https://www.corteconstitucional.gov.co/relatoria/?q=Sentencia%20T-760%20de%202008
26,Ley 153 de 1887,3,0,2,https://www.suin-juriscol.gov.co/legislacion/?q=Ley%20153%20de%201887
27,Ley 2437 de 2024,3,0,2,https://www.suin-juriscol.gov.co/legislacion/?q=Ley%202437%20de%202024
28,Ley 54 de 1990,3,0,1,https://www.suin-juriscol.gov.co/legislacion/?q=Ley%2054%20de%201990
29,Ley 979 de 2005,3,0,1,https://www.suin-juriscol.gov.co/legislacion/?q=Ley%20979%20de%202005
30,Decreto 1563 de 2012,2,0,1,https://www.suin-juriscol.gov.co/legislacion/?q=Decreto%201563%20de%202012
31,Sentencia C-117 de 2018,2,0,1,https://www.corteconstitucional.gov.co/relatoria/?q=Sentencia%20C-117%20de%202018
32,Sentencia C-127 de 2011,2,0,1,https://www.corteconstitucional.gov.co/relatoria/?q=Sentencia%20C-127%20de%202011
33,Sentencia C-134 de 2019,2,0,2,https://www.corteconstitucional.gov.co/relatoria/?q=Sentencia%20C-134%20de%202019
34,Sentencia C-15 de 2018,2,0,2,https://www.corteconstitucional.gov.co/relatoria/?q=Sentencia%20C-15%20de%202018
35,Sentencia C-164 de 2022,2,0,2,https://www.corteconstitucional.gov.co/relatoria/?q=Sentencia%20C-164%20de%202022
36,Sentencia C-259 de 2015,2,0,2,https://www.corteconstitucional.gov.co/relatoria/?q=Sentencia%20C-259%20de%202015
37,Sentencia C-35 de 2009,2,0,1,https://www.corteconstitucional.gov.co/relatoria/?q=Sentencia%20C-35%20de%202009
38,Sentencia C-431 de 2001,2,0,2,https://www.corteconstitucional.gov.co/relatoria/?q=Sentencia%20C-431%20de%202001
39,Sentencia C-500 de 2024,2,0,2,https://www.corteconstitucional.gov.co/relatoria/?q=Sentencia%20C-500%20de%202024
40,Sentencia C-507 de 2004,2,0,1,https://www.corteconstitucional.gov.co/relatoria/?q=Sentencia%20C-507%20de%202004
41,Sentencia C-540 de 2023,2,0,1,https://www.corteconstitucional.gov.co/relatoria/?q=Sentencia%20C-540%20de%202023
42,Sentencia C-582 de 1999,2,0,1,https://www.corteconstitucional.gov.co/relatoria/?q=Sentencia%20C-582%20de%201999
43,Sentencia C-746 de 2011,2,0,2,https://www.corteconstitucional.gov.co/relatoria/?q=Sentencia%20C-746%20de%202011
44,Sentencia C-748 de 2011,2,0,2,https://www.corteconstitucional.gov.co/relatoria/?q=Sentencia%20C-748%20de%202011
45,Sentencia C-94 de 2021,2,0,1,https://www.corteconstitucional.gov.co/relatoria/?q=Sentencia%20C-94%20de%202021
46,Sentencia C-96 de 2024,2,0,1,https://www.corteconstitucional.gov.co/relatoria/?q=Sentencia%20C-96%20de%202024
47,Sentencia SL-648 de 2018,2,0,1,https://www.corteconstitucional.gov.co/relatoria/?q=Sentencia%20SL-648%20de%202018
48,Sentencia SP-1680 de 2022,2,0,1,https://www.corteconstitucional.gov.co/relatoria/?q=Sentencia%20SP-1680%20de%202022
49,Sentencia SP-1945 de 2019,2,0,1,https://www.corteconstitucional.gov.co/relatoria/?q=Sentencia%20SP-1945%20de%202019
50,Sentencia SU-111 de 2025,2,0,1,https://www.corteconstitucional.gov.co/relatoria/?q=Sentencia%20SU-111%20de%202025
51,Sentencia SU-214 de 2016,2,0,1,https://www.corteconstitucional.gov.co/relatoria/?q=Sentencia%20SU-214%20de%202016
52,Sentencia T-547 de 2017,2,0,2,https://www.corteconstitucional.gov.co/relatoria/?q=Sentencia%20T-547%20de%202017
53,Ley 1095 de 2006,2,0,2,https://www.suin-juriscol.gov.co/legislacion/?q=Ley%201095%20de%202006
54,Ley 2141 de 2021,2,0,2,https://www.suin-juriscol.gov.co/legislacion/?q=Ley%202141%20de%202021
55,Ley 2452 de 2025,2,0,1,https://www.suin-juriscol.gov.co/legislacion/?q=Ley%202452%20de%202025
56,Ley 2466 de 2025,2,0,1,https://www.suin-juriscol.gov.co/legislacion/?q=Ley%202466%20de%202025
57,Ley 256 de 1996,2,0,1,https://www.suin-juriscol.gov.co/legislacion/?q=Ley%20256%20de%201996
58,Ley 50 de 1990,2,0,1,https://www.suin-juriscol.gov.co/legislacion/?q=Ley%2050%20de%201990
59,Decreto 2067 de 1991,1,1,1,https://www.suin-juriscol.gov.co/legislacion/?q=Decreto%202067%20de%201991
60,Sentencia C-332 de 2025,1,1,1,https://www.corteconstitucional.gov.co/relatoria/?q=Sentencia%20C-332%20de%202025
61,Sentencia SU-455 de 2020,1,1,1,https://www.corteconstitucional.gov.co/relatoria/?q=Sentencia%20SU-455%20de%202020
62,Ley 1562 de 2012,1,1,1,https://www.suin-juriscol.gov.co/legislacion/?q=Ley%201562%20de%202012
63,Acuerdo 02 de 2015,1,0,1,https://www.suin-juriscol.gov.co/legislacion/?q=Acuerdo%2002%20de%202015
64,Codigo disciplinario,1,0,1,http://www.secretariasenado.gov.co/senado/basedoc/?q=Codigo%20disciplinario
65,Codigo nacional policia,1,0,1,http://www.secretariasenado.gov.co/senado/basedoc/?q=Codigo%20nacional%20policia
66,Decreto 046 de 2024,1,0,1,https://www.suin-juriscol.gov.co/legislacion/?q=Decreto%20046%20de%202024
67,Decreto 1082 de 2015,1,0,1,https://www.suin-juriscol.gov.co/legislacion/?q=Decreto%201082%20de%202015
68,Decreto 1742 de 2020,1,0,1,https://www.suin-juriscol.gov.co/legislacion/?q=Decreto%201742%20de%202020
69,Decreto 175 de 2025,1,0,1,https://www.suin-juriscol.gov.co/legislacion/?q=Decreto%20175%20de%202025
70,Decreto 24 de 2016,1,0,1,https://www.suin-juriscol.gov.co/legislacion/?q=Decreto%2024%20de%202016
71,Decreto 405 de 2025,1,0,1,https://www.suin-juriscol.gov.co/legislacion/?q=Decreto%20405%20de%202025
72,Decreto 4334 de 2008,1,0,1,https://www.suin-juriscol.gov.co/legislacion/?q=Decreto%204334%20de%202008
73,Decreto 4436 de 2005,1,0,1,https://www.suin-juriscol.gov.co/legislacion/?q=Decreto%204436%20de%202005
74,Decreto 4886 de 2011,1,0,1,https://www.suin-juriscol.gov.co/legislacion/?q=Decreto%204886%20de%202011
75,Decreto 663 de 1993,1,0,1,https://www.suin-juriscol.gov.co/legislacion/?q=Decreto%20663%20de%201993
76,Decreto 780 de 2016,1,0,1,https://www.suin-juriscol.gov.co/legislacion/?q=Decreto%20780%20de%202016
77,Decreto 875 de 2008,1,0,1,https://www.suin-juriscol.gov.co/legislacion/?q=Decreto%20875%20de%202008
78,Decreto 960 de 1970,1,0,1,https://www.suin-juriscol.gov.co/legislacion/?q=Decreto%20960%20de%201970
79,Sentencia C-1033 de 2002,1,0,1,https://www.corteconstitucional.gov.co/relatoria/?q=Sentencia%20C-1033%20de%202002
80,Sentencia C-106 de 2018,1,0,1,https://www.corteconstitucional.gov.co/relatoria/?q=Sentencia%20C-106%20de%202018
81,Sentencia C-1189 de 2000,1,0,1,https://www.corteconstitucional.gov.co/relatoria/?q=Sentencia%20C-1189%20de%202000
82,Sentencia C-131 de 2018,1,0,1,https://www.corteconstitucional.gov.co/relatoria/?q=Sentencia%20C-131%20de%202018
83,Sentencia C-145 de 2018,1,0,1,https://www.corteconstitucional.gov.co/relatoria/?q=Sentencia%20C-145%20de%202018
84,Sentencia C-145 de 2020,1,0,1,https://www.corteconstitucional.gov.co/relatoria/?q=Sentencia%20C-145%20de%202020
85,Sentencia C-149 de 1993,1,0,1,https://www.corteconstitucional.gov.co/relatoria/?q=Sentencia%20C-149%20de%201993
86,Sentencia C-170 de 2004,1,0,1,https://www.corteconstitucional.gov.co/relatoria/?q=Sentencia%20C-170%20de%202004
87,Sentencia C-183 de 2025,1,0,1,https://www.corteconstitucional.gov.co/relatoria/?q=Sentencia%20C-183%20de%202025
88,Sentencia C-201 de 2002,1,0,1,https://www.corteconstitucional.gov.co/relatoria/?q=Sentencia%20C-201%20de%202002
89,Sentencia C-22 de 1996,1,0,1,https://www.corteconstitucional.gov.co/relatoria/?q=Sentencia%20C-22%20de%201996
90,Sentencia C-225 de 1995,1,0,1,https://www.corteconstitucional.gov.co/relatoria/?q=Sentencia%20C-225%20de%201995
91,Sentencia C-233 de 2021,1,0,1,https://www.corteconstitucional.gov.co/relatoria/?q=Sentencia%20C-233%20de%202021
92,Sentencia C-239 de 1997,1,0,1,https://www.corteconstitucional.gov.co/relatoria/?q=Sentencia%20C-239%20de%201997
93,Sentencia C-276 de 2025,1,0,1,https://www.corteconstitucional.gov.co/relatoria/?q=Sentencia%20C-276%20de%202025
94,Sentencia C-335 de 2008,1,0,1,https://www.corteconstitucional.gov.co/relatoria/?q=Sentencia%20C-335%20de%202008
95,Sentencia C-345 de 2017,1,0,1,https://www.corteconstitucional.gov.co/relatoria/?q=Sentencia%20C-345%20de%202017
96,Sentencia C-389 de 2023,1,0,1,https://www.corteconstitucional.gov.co/relatoria/?q=Sentencia%20C-389%20de%202023
97,Sentencia C-39 de 2025,1,0,1,https://www.corteconstitucional.gov.co/relatoria/?q=Sentencia%20C-39%20de%202025
98,Sentencia C-4 de 1998,1,0,1,https://www.corteconstitucional.gov.co/relatoria/?q=Sentencia%20C-4%20de%201998
99,Sentencia C-413 de 1996,1,0,1,https://www.corteconstitucional.gov.co/relatoria/?q=Sentencia%20C-413%20de%201996
100,Sentencia C-459 de 2023,1,0,1,https://www.corteconstitucional.gov.co/relatoria/?q=Sentencia%20C-459%20de%202023
101,Sentencia C-486 de 1993,1,0,1,https://www.corteconstitucional.gov.co/relatoria/?q=Sentencia%20C-486%20de%201993
102,Sentencia C-533 de 2000,1,0,1,https://www.corteconstitucional.gov.co/relatoria/?q=Sentencia%20C-533%20de%202000
103,Sentencia C-535 de 2002,1,0,1,https://www.corteconstitucional.gov.co/relatoria/?q=Sentencia%20C-535%20de%202002
104,Sentencia C-537 de 1995,1,0,1,https://www.corteconstitucional.gov.co/relatoria/?q=Sentencia%20C-537%20de%201995
105,Sentencia C-683 de 2015,1,0,1,https://www.corteconstitucional.gov.co/relatoria/?q=Sentencia%20C-683%20de%202015
106,Sentencia C-700 de 1999,1,0,1,https://www.corteconstitucional.gov.co/relatoria/?q=Sentencia%20C-700%20de%201999
107,Sentencia C-80 de 2025,1,0,1,https://www.corteconstitucional.gov.co/relatoria/?q=Sentencia%20C-80%20de%202025
108,Sentencia C-891 de 2012,1,0,1,https://www.corteconstitucional.gov.co/relatoria/?q=Sentencia%20C-891%20de%202012
109,Sentencia C-964 de 2003,1,0,1,https://www.corteconstitucional.gov.co/relatoria/?q=Sentencia%20C-964%20de%202003
110,Sentencia C-985 de 2010,1,0,1,https://www.corteconstitucional.gov.co/relatoria/?q=Sentencia%20C-985%20de%202010
111,Sentencia SC-1121 de 2018,1,0,1,https://www.corteconstitucional.gov.co/relatoria/?q=Sentencia%20SC-1121%20de%202018
112,Sentencia SC-18392 de 2017,1,0,1,https://www.corteconstitucional.gov.co/relatoria/?q=Sentencia%20SC-18392%20de%202017
113,Sentencia SC-3085 de 2024,1,0,1,https://www.corteconstitucional.gov.co/relatoria/?q=Sentencia%20SC-3085%20de%202024
114,Sentencia SC-3674 de 2021,1,0,1,https://www.corteconstitucional.gov.co/relatoria/?q=Sentencia%20SC-3674%20de%202021
115,Sentencia SC-425 de 2024,1,0,1,https://www.corteconstitucional.gov.co/relatoria/?q=Sentencia%20SC-425%20de%202024
116,Sentencia SC-8453 de 2016,1,0,1,https://www.corteconstitucional.gov.co/relatoria/?q=Sentencia%20SC-8453%20de%202016
117,Sentencia SL-1050 de 2023,1,0,1,https://www.corteconstitucional.gov.co/relatoria/?q=Sentencia%20SL-1050%20de%202023
118,Sentencia SL-1730 de 2020,1,0,1,https://www.corteconstitucional.gov.co/relatoria/?q=Sentencia%20SL-1730%20de%202020
119,Sentencia SL-1972 de 2025,1,0,1,https://www.corteconstitucional.gov.co/relatoria/?q=Sentencia%20SL-1972%20de%202025
120,Sentencia SP-1167 de 2022,1,0,1,https://www.corteconstitucional.gov.co/relatoria/?q=Sentencia%20SP-1167%20de%202022
121,Sentencia SP-3218 de 2021,1,0,1,https://www.corteconstitucional.gov.co/relatoria/?q=Sentencia%20SP-3218%20de%202021
122,Sentencia SU-11 de 2020,1,0,1,https://www.corteconstitucional.gov.co/relatoria/?q=Sentencia%20SU-11%20de%202020
123,Sentencia SU-138 de 2024,1,0,1,https://www.corteconstitucional.gov.co/relatoria/?q=Sentencia%20SU-138%20de%202024
124,Sentencia SU-149 de 2021,1,0,1,https://www.corteconstitucional.gov.co/relatoria/?q=Sentencia%20SU-149%20de%202021
125,Sentencia SU-207 de 2022,1,0,1,https://www.corteconstitucional.gov.co/relatoria/?q=Sentencia%20SU-207%20de%202022
126,Sentencia SU-240 de 2015,1,0,1,https://www.corteconstitucional.gov.co/relatoria/?q=Sentencia%20SU-240%20de%202015
127,Sentencia SU-27 de 2021,1,0,1,https://www.corteconstitucional.gov.co/relatoria/?q=Sentencia%20SU-27%20de%202021
128,Sentencia SU-296 de 2023,1,0,1,https://www.corteconstitucional.gov.co/relatoria/?q=Sentencia%20SU-296%20de%202023
129,Sentencia SU-380 de 2021,1,0,1,https://www.corteconstitucional.gov.co/relatoria/?q=Sentencia%20SU-380%20de%202021
130,Sentencia SU-396 de 2024,1,0,1,https://www.corteconstitucional.gov.co/relatoria/?q=Sentencia%20SU-396%20de%202024
131,Sentencia SU-425 de 2025,1,0,1,https://www.corteconstitucional.gov.co/relatoria/?q=Sentencia%20SU-425%20de%202025
132,Sentencia SU-429 de 2024,1,0,1,https://www.corteconstitucional.gov.co/relatoria/?q=Sentencia%20SU-429%20de%202024
133,Sentencia SU-431 de 2015,1,0,1,https://www.corteconstitucional.gov.co/relatoria/?q=Sentencia%20SU-431%20de%202015
134,Sentencia SU-488 de 2011,1,0,1,https://www.corteconstitucional.gov.co/relatoria/?q=Sentencia%20SU-488%20de%202011
135,Sentencia SU-500 de 2015,1,0,1,https://www.corteconstitucional.gov.co/relatoria/?q=Sentencia%20SU-500%20de%202015
136,Sentencia SU-566 de 2015,1,0,1,https://www.corteconstitucional.gov.co/relatoria/?q=Sentencia%20SU-566%20de%202015
137,Sentencia SU-6 de 1991,1,0,1,https://www.corteconstitucional.gov.co/relatoria/?q=Sentencia%20SU-6%20de%201991
138,Sentencia T-1001 de 2001,1,0,1,https://www.corteconstitucional.gov.co/relatoria/?q=Sentencia%20T-1001%20de%202001
139,Sentencia T-1059 de 2001,1,0,1,https://www.corteconstitucional.gov.co/relatoria/?q=Sentencia%20T-1059%20de%202001
140,Sentencia T-1096 de 2008,1,0,1,https://www.corteconstitucional.gov.co/relatoria/?q=Sentencia%20T-1096%20de%202008
141,Sentencia T-145 de 2016,1,0,1,https://www.corteconstitucional.gov.co/relatoria/?q=Sentencia%20T-145%20de%202016
142,Sentencia T-230 de 2023,1,0,1,https://www.corteconstitucional.gov.co/relatoria/?q=Sentencia%20T-230%20de%202023
143,Sentencia T-232 de 2025,1,0,1,https://www.corteconstitucional.gov.co/relatoria/?q=Sentencia%20T-232%20de%202025
144,Sentencia T-248 de 2025,1,0,1,https://www.corteconstitucional.gov.co/relatoria/?q=Sentencia%20T-248%20de%202025
145,Sentencia T-26 de 2025,1,0,1,https://www.corteconstitucional.gov.co/relatoria/?q=Sentencia%20T-26%20de%202025
146,Sentencia T-262 de 2025,1,0,1,https://www.corteconstitucional.gov.co/relatoria/?q=Sentencia%20T-262%20de%202025
147,Sentencia T-325 de 2025,1,0,1,https://www.corteconstitucional.gov.co/relatoria/?q=Sentencia%20T-325%20de%202025
148,Sentencia T-350 de 2025,1,0,1,https://www.corteconstitucional.gov.co/relatoria/?q=Sentencia%20T-350%20de%202025
149,Sentencia T-4 de 2026,1,0,1,https://www.corteconstitucional.gov.co/relatoria/?q=Sentencia%20T-4%20de%202026
150,Sentencia T-429 de 2011,1,0,1,https://www.corteconstitucional.gov.co/relatoria/?q=Sentencia%20T-429%20de%202011
151,Sentencia T-445 de 2024,1,0,1,https://www.corteconstitucional.gov.co/relatoria/?q=Sentencia%20T-445%20de%202024
152,Sentencia T-67 de 2025,1,0,1,https://www.corteconstitucional.gov.co/relatoria/?q=Sentencia%20T-67%20de%202025
153,Sentencia T-71 de 2016,1,0,1,https://www.corteconstitucional.gov.co/relatoria/?q=Sentencia%20T-71%20de%202016
154,Sentencia T-77 de 2025,1,0,1,https://www.corteconstitucional.gov.co/relatoria/?q=Sentencia%20T-77%20de%202025
155,Sentencia T-925 de 2014,1,0,1,https://www.corteconstitucional.gov.co/relatoria/?q=Sentencia%20T-925%20de%202014
156,Sentencia T-970 de 2014,1,0,1,https://www.corteconstitucional.gov.co/relatoria/?q=Sentencia%20T-970%20de%202014
157,Ley 1150 de 2005,1,0,1,https://www.suin-juriscol.gov.co/legislacion/?q=Ley%201150%20de%202005
158,Ley 11500 de 2007,1,0,1,https://www.suin-juriscol.gov.co/legislacion/?q=Ley%2011500%20de%202007
159,Ley 1151 de 2007,1,0,1,https://www.suin-juriscol.gov.co/legislacion/?q=Ley%201151%20de%202007
160,Ley 116 de 2006,1,0,1,https://www.suin-juriscol.gov.co/legislacion/?q=Ley%20116%20de%202006
161,Ley 137 de 1994,1,0,1,https://www.suin-juriscol.gov.co/legislacion/?q=Ley%20137%20de%201994
162,Ley 1473 de 2011,1,0,1,https://www.suin-juriscol.gov.co/legislacion/?q=Ley%201473%20de%202011
163,Ley 155 de 1959,1,0,1,https://www.suin-juriscol.gov.co/legislacion/?q=Ley%20155%20de%201959
164,Ley 160 de 1994,1,0,1,https://www.suin-juriscol.gov.co/legislacion/?q=Ley%20160%20de%201994
165,Ley 1607 de 2012,1,0,1,https://www.suin-juriscol.gov.co/legislacion/?q=Ley%201607%20de%202012
166,Ley 1692 de 2017,1,0,1,https://www.suin-juriscol.gov.co/legislacion/?q=Ley%201692%20de%202017
167,Ley 1700 de 2013,1,0,1,https://www.suin-juriscol.gov.co/legislacion/?q=Ley%201700%20de%202013
168,Ley 1755 de 2015,1,0,1,https://www.suin-juriscol.gov.co/legislacion/?q=Ley%201755%20de%202015
169,Ley 1819 de 2016,1,0,1,https://www.suin-juriscol.gov.co/legislacion/?q=Ley%201819%20de%202016
170,Ley 1909 de 2018,1,0,1,https://www.suin-juriscol.gov.co/legislacion/?q=Ley%201909%20de%202018
171,Ley 2114 de 2021,1,0,1,https://www.suin-juriscol.gov.co/legislacion/?q=Ley%202114%20de%202021
172,Ley 2157 de 2021,1,0,1,https://www.suin-juriscol.gov.co/legislacion/?q=Ley%202157%20de%202021
173,Ley 2160 de 2021,1,0,1,https://www.suin-juriscol.gov.co/legislacion/?q=Ley%202160%20de%202021
174,Ley 2251 de 2022,1,0,1,https://www.suin-juriscol.gov.co/legislacion/?q=Ley%202251%20de%202022
175,Ley 23 de 1961,1,0,1,https://www.suin-juriscol.gov.co/legislacion/?q=Ley%2023%20de%201961
176,Ley 2737 de 1989,1,0,1,https://www.suin-juriscol.gov.co/legislacion/?q=Ley%202737%20de%201989
177,Ley 29 de 1982,1,0,1,https://www.suin-juriscol.gov.co/legislacion/?q=Ley%2029%20de%201982
178,Ley 527 de 1999,1,0,1,https://www.suin-juriscol.gov.co/legislacion/?q=Ley%20527%20de%201999
179,Ley 600 de 2000,1,0,1,https://www.suin-juriscol.gov.co/legislacion/?q=Ley%20600%20de%202000
180,Ley 640 de 2001,1,0,1,https://www.suin-juriscol.gov.co/legislacion/?q=Ley%20640%20de%202001
181,Ley 678 de 2001,1,0,1,https://www.suin-juriscol.gov.co/legislacion/?q=Ley%20678%20de%202001
182,Ley 721 de 2001,1,0,1,https://www.suin-juriscol.gov.co/legislacion/?q=Ley%20721%20de%202001
183,Ley 75 de 1968,1,0,1,https://www.suin-juriscol.gov.co/legislacion/?q=Ley%2075%20de%201968
184,Ley 769 de 2002,1,0,1,https://www.suin-juriscol.gov.co/legislacion/?q=Ley%20769%20de%202002
185,Ley 820 de 2003,1,0,1,https://www.suin-juriscol.gov.co/legislacion/?q=Ley%20820%20de%202003
186,Ley 964 de 2006,1,0,1,https://www.suin-juriscol.gov.co/legislacion/?q=Ley%20964%20de%202006
